{
    "providers": [
        {
            "file": "custom_escape:internal/square.png",
            "chars": [
                "\uEFFF"
            ],
            "height": -209,
            "ascent": -10000,
            "type": "bitmap"
        },
        {
            "type": "bitmap",
            "file": "custom_escape:escape_menu/logo.png",
            "height": 120,
            "ascent": 113,
            "chars": [
                "\uEF00"
            ]
        },
        {
            "type": "bitmap",
            "file": "custom_escape:escape_menu/back_to_game.png",
            "height": 120,
            "ascent": 113,
            "chars": [
                "\uEF01"
            ]
        },

        {
            "type": "bitmap",
            "file": "custom_escape:escape_menu/quit.png",
            "height": 120,
            "ascent": 113,
            "chars": [
                "\uEF02"
            ]
        },
        {
            "type": "bitmap",
            "file": "custom_escape:escape_menu/bottom_card.png",
            "height": 121,
            "ascent": -6,
            "chars": [
                "\uEF03"
            ]
        },
        {
            "type": "bitmap",
            "file": "custom_escape:escape_menu/logo-scoreboard.png",
            "height": 120,
            "ascent": 70,
            "chars": [
                "\uEF04"
            ]
        },
        {
            "file": "custom_escape:internal/square.png",
            "chars": [
                "\uEF2F"
            ],
            "height": -209,
            "ascent": -1000,
            "type": "bitmap"
        }
    ]
}
